name,close,volume,time_point,date
VNINDEX,1928.18,8307003,09:15:00,2026-05-15
VNINDEX,1926.85,2941183,09:16:00,2026-05-15
VNINDEX,1925.94,3014831,09:17:00,2026-05-15
VNINDEX,1926.8,2909804,09:18:00,2026-05-15
VNINDEX,1925.91,2403983,09:19:00,2026-05-15
VNINDEX,1928.52,1963724,09:20:00,2026-05-15
VNINDEX,1930.21,2566166,09:21:00,2026-05-15
VNINDEX,1929.02,2688438,09:22:00,2026-05-15
VNINDEX,1929.32,2164271,09:23:00,2026-05-15
VNINDEX,1929.78,2176979,09:24:00,2026-05-15
VNINDEX,1929.76,2401760,09:25:00,2026-05-15
VNINDEX,1929.13,1695485,09:26:00,2026-05-15
VNINDEX,1928.84,1683225,09:27:00,2026-05-15
VNINDEX,1926.62,2353708,09:28:00,2026-05-15
VNINDEX,1926.65,2909113,09:29:00,2026-05-15
VNINDEX,1926.89,2353489,09:30:00,2026-05-15
VNINDEX,1926.7,2156452,09:31:00,2026-05-15
VNINDEX,1926.38,1909308,09:32:00,2026-05-15
VNINDEX,1926.09,3265868,09:33:00,2026-05-15
VNINDEX,1924.27,1910115,09:34:00,2026-05-15
VNINDEX,1922.31,2108688,09:35:00,2026-05-15
VNINDEX,1920.96,1952251,09:36:00,2026-05-15
VNINDEX,1922.35,1736793,09:37:00,2026-05-15
VNINDEX,1923.49,2028287,09:38:00,2026-05-15
VNINDEX,1922.73,1483350,09:39:00,2026-05-15
VNINDEX,1922.84,1511227,09:40:00,2026-05-15
VNINDEX,1922.08,2872891,09:41:00,2026-05-15
VNINDEX,1920.48,2603250,09:42:00,2026-05-15
VNINDEX,1919.44,3730498,09:43:00,2026-05-15
VNINDEX,1918.07,2153392,09:44:00,2026-05-15
VNINDEX,1917.69,2768956,09:45:00,2026-05-15
VNINDEX,1917.62,2803457,09:46:00,2026-05-15
VNINDEX,1917.54,3054596,09:47:00,2026-05-15
VNINDEX,1918.02,3400576,09:48:00,2026-05-15
VNINDEX,1918.19,4665456,09:49:00,2026-05-15
VNINDEX,1918.03,3847115,09:50:00,2026-05-15
VNINDEX,1917.86,3060736,09:51:00,2026-05-15
VNINDEX,1918.02,3319011,09:52:00,2026-05-15
VNINDEX,1917.49,4011640,09:53:00,2026-05-15
VNINDEX,1916.46,4459916,09:54:00,2026-05-15
VNINDEX,1916.18,2221215,09:55:00,2026-05-15
VNINDEX,1916.23,2312774,09:56:00,2026-05-15
VNINDEX,1915.79,1493328,09:57:00,2026-05-15
VNINDEX,1915.51,2327843,09:58:00,2026-05-15
VNINDEX,1915.87,2508759,09:59:00,2026-05-15
VNINDEX,1916.11,2253898,10:00:00,2026-05-15
VNINDEX,1916.58,2403064,10:01:00,2026-05-15
VNINDEX,1916.69,2361280,10:02:00,2026-05-15
VNINDEX,1918.36,1437725,10:03:00,2026-05-15
VNINDEX,1918.27,1851422,10:04:00,2026-05-15
VNINDEX,1917.8,3131242,10:05:00,2026-05-15
VNINDEX,1918.5,2190103,10:06:00,2026-05-15
VNINDEX,1919.46,1887851,10:07:00,2026-05-15
VNINDEX,1918.82,1395566,10:08:00,2026-05-15
VNINDEX,1917.54,4618769,10:09:00,2026-05-15
VNINDEX,1916.79,2828230,10:10:00,2026-05-15
VNINDEX,1915.52,6528599,10:11:00,2026-05-15
VNINDEX,1914.59,4688300,10:12:00,2026-05-15
VNINDEX,1916.52,2714196,10:13:00,2026-05-15
VNINDEX,1917.63,1625106,10:14:00,2026-05-15
VNINDEX,1917.34,1648904,10:15:00,2026-05-15
VNINDEX,1917.49,1461058,10:16:00,2026-05-15
VNINDEX,1916.16,2824521,10:17:00,2026-05-15
VNINDEX,1916.35,2347778,10:18:00,2026-05-15
VNINDEX,1916.53,1505413,10:19:00,2026-05-15
VNINDEX,1915.79,1715485,10:20:00,2026-05-15
VNINDEX,1915.5,1089737,10:21:00,2026-05-15
VNINDEX,1916.12,1774359,10:22:00,2026-05-15
VNINDEX,1916.02,1711290,10:23:00,2026-05-15
VNINDEX,1915.65,1171866,10:24:00,2026-05-15
VNINDEX,1915.85,1767314,10:25:00,2026-05-15
VNINDEX,1915.29,1301314,10:26:00,2026-05-15
VNINDEX,1914.78,2130269,10:27:00,2026-05-15
VNINDEX,1915.59,1828085,10:28:00,2026-05-15
VNINDEX,1915.42,1786567,10:29:00,2026-05-15
VNINDEX,1915.58,1314928,10:30:00,2026-05-15
VNINDEX,1914.97,1316497,10:31:00,2026-05-15
VNINDEX,1915.79,1254219,10:32:00,2026-05-15
VNINDEX,1915.52,1391230,10:33:00,2026-05-15
VNINDEX,1917.2,1276403,10:34:00,2026-05-15
VNINDEX,1916.35,1748196,10:35:00,2026-05-15
VNINDEX,1916.39,1427144,10:36:00,2026-05-15
VNINDEX,1915.98,2006997,10:37:00,2026-05-15
VNINDEX,1916.26,1641772,10:38:00,2026-05-15
VNINDEX,1916.09,1221680,10:39:00,2026-05-15
VNINDEX,1916.32,1459231,10:40:00,2026-05-15
VNINDEX,1916.43,1596605,10:41:00,2026-05-15
VNINDEX,1917.46,1914203,10:42:00,2026-05-15
VNINDEX,1919.28,2100346,10:43:00,2026-05-15
VNINDEX,1919.29,2146694,10:44:00,2026-05-15
VNINDEX,1919.74,1535358,10:45:00,2026-05-15
VNINDEX,1919.58,1210807,10:46:00,2026-05-15
VNINDEX,1918.64,1865497,10:47:00,2026-05-15
VNINDEX,1918.73,1868059,10:48:00,2026-05-15
VNINDEX,1918.17,1225908,10:49:00,2026-05-15
VNINDEX,1918.27,1299608,10:50:00,2026-05-15
VNINDEX,1917.47,1096156,10:51:00,2026-05-15
VNINDEX,1917.82,1033244,10:52:00,2026-05-15
VNINDEX,1918.07,1069184,10:53:00,2026-05-15
VNINDEX,1918.81,928006,10:54:00,2026-05-15
VNINDEX,1918.97,1092634,10:55:00,2026-05-15
VNINDEX,1918.51,3304017,10:56:00,2026-05-15
VNINDEX,1918.22,1748802,10:57:00,2026-05-15
VNINDEX,1918.18,1224937,10:58:00,2026-05-15
VNINDEX,1918.45,1049501,10:59:00,2026-05-15
VNINDEX,1918.33,1384756,11:00:00,2026-05-15
VNINDEX,1917.36,1900489,11:01:00,2026-05-15
VNINDEX,1917.82,2921899,11:02:00,2026-05-15
VNINDEX,1918.23,2121071,11:03:00,2026-05-15
VNINDEX,1918.14,1905319,11:04:00,2026-05-15
VNINDEX,1917.77,1900105,11:05:00,2026-05-15
VNINDEX,1918.3,1895103,11:06:00,2026-05-15
VNINDEX,1919.16,2763607,11:07:00,2026-05-15
VNINDEX,1918.73,3103256,11:08:00,2026-05-15
VNINDEX,1919.19,2475228,11:09:00,2026-05-15
VNINDEX,1919.15,2304543,11:10:00,2026-05-15
VNINDEX,1919.51,2129870,11:11:00,2026-05-15
VNINDEX,1918.78,1815743,11:12:00,2026-05-15
VNINDEX,1918.07,1708159,11:13:00,2026-05-15
VNINDEX,1918.56,1958601,11:14:00,2026-05-15
VNINDEX,1919.23,2103249,11:15:00,2026-05-15
VNINDEX,1918.73,2595276,11:16:00,2026-05-15
VNINDEX,1918.77,2153018,11:17:00,2026-05-15
VNINDEX,1919.16,2050687,11:18:00,2026-05-15
VNINDEX,1919.5,1634466,11:19:00,2026-05-15
VNINDEX,1919.78,2357782,11:20:00,2026-05-15
VNINDEX,1919.02,2196594,11:21:00,2026-05-15
VNINDEX,1919.05,6094720,11:22:00,2026-05-15
VNINDEX,1919.28,1746268,11:23:00,2026-05-15
VNINDEX,1920.91,2080020,11:24:00,2026-05-15
VNINDEX,1921.03,2943642,11:25:00,2026-05-15
VNINDEX,1921.42,1700908,11:26:00,2026-05-15
VNINDEX,1921.86,1599919,11:27:00,2026-05-15
VNINDEX,1922.06,2272162,11:28:00,2026-05-15
VNINDEX,1921.6,1493687,11:29:00,2026-05-15
VNINDEX,1921.98,71762,11:30:00,2026-05-15
VNINDEX,1917.56,9979911,13:00:00,2026-05-15
VNINDEX,1914.31,5060111,13:01:00,2026-05-15
VNINDEX,1914.94,3883773,13:02:00,2026-05-15
VNINDEX,1914.38,3015840,13:03:00,2026-05-15
VNINDEX,1913.25,3653647,13:04:00,2026-05-15
VNINDEX,1911.96,2611210,13:05:00,2026-05-15
VNINDEX,1910.94,3013466,13:06:00,2026-05-15
VNINDEX,1909.94,3586950,13:07:00,2026-05-15
VNINDEX,1911.1,2609881,13:08:00,2026-05-15
VNINDEX,1912.83,2534719,13:09:00,2026-05-15
VNINDEX,1913.6,2351051,13:10:00,2026-05-15
VNINDEX,1912.87,2419076,13:11:00,2026-05-15
VNINDEX,1912.01,2874699,13:12:00,2026-05-15
VNINDEX,1912.34,3188720,13:13:00,2026-05-15
VNINDEX,1912.3,2096012,13:14:00,2026-05-15
VNINDEX,1912.66,3598295,13:15:00,2026-05-15
VNINDEX,1912.32,5108230,13:16:00,2026-05-15
VNINDEX,1912.5,3530629,13:17:00,2026-05-15
VNINDEX,1911.33,4627958,13:18:00,2026-05-15
VNINDEX,1911.41,6964440,13:19:00,2026-05-15
VNINDEX,1910.56,4198519,13:20:00,2026-05-15
VNINDEX,1911.5,4403187,13:21:00,2026-05-15
VNINDEX,1911.44,3683214,13:22:00,2026-05-15
VNINDEX,1911.32,2577570,13:23:00,2026-05-15
VNINDEX,1911.57,3525123,13:24:00,2026-05-15
VNINDEX,1911.31,2207340,13:25:00,2026-05-15
VNINDEX,1912.56,3154419,13:26:00,2026-05-15
VNINDEX,1912.88,2527458,13:27:00,2026-05-15
VNINDEX,1912.07,5404414,13:28:00,2026-05-15
VNINDEX,1914.0,2263048,13:29:00,2026-05-15
VNINDEX,1914.27,2979739,13:30:00,2026-05-15
VNINDEX,1915.3,6459642,13:31:00,2026-05-15
VNINDEX,1916.05,7414806,13:32:00,2026-05-15
VNINDEX,1916.41,9342129,13:33:00,2026-05-15
VNINDEX,1916.36,5955196,13:34:00,2026-05-15
VNINDEX,1915.59,3281846,13:35:00,2026-05-15
VNINDEX,1915.12,3333393,13:36:00,2026-05-15
VNINDEX,1914.59,2333519,13:37:00,2026-05-15
VNINDEX,1914.43,2537373,13:38:00,2026-05-15
VNINDEX,1914.26,3493593,13:39:00,2026-05-15
VNINDEX,1913.56,4122997,13:40:00,2026-05-15
VNINDEX,1913.48,4933495,13:41:00,2026-05-15
VNINDEX,1913.33,3170274,13:42:00,2026-05-15
VNINDEX,1913.59,2588475,13:43:00,2026-05-15
VNINDEX,1914.26,3932714,13:44:00,2026-05-15
VNINDEX,1914.39,2966545,13:45:00,2026-05-15
VNINDEX,1915.09,3043419,13:46:00,2026-05-15
VNINDEX,1915.52,3712906,13:47:00,2026-05-15
VNINDEX,1915.81,7188529,13:48:00,2026-05-15
VNINDEX,1915.91,3628292,13:49:00,2026-05-15
VNINDEX,1915.89,3160274,13:50:00,2026-05-15
VNINDEX,1915.58,3280564,13:51:00,2026-05-15
VNINDEX,1915.16,2585304,13:52:00,2026-05-15
VNINDEX,1914.81,3136852,13:53:00,2026-05-15
VNINDEX,1915.42,3280774,13:54:00,2026-05-15
VNINDEX,1915.92,5111717,13:55:00,2026-05-15
VNINDEX,1915.34,4200336,13:56:00,2026-05-15
VNINDEX,1915.88,4651014,13:57:00,2026-05-15
VNINDEX,1916.11,3716732,13:58:00,2026-05-15
VNINDEX,1916.36,3622136,13:59:00,2026-05-15
VNINDEX,1916.37,3431507,14:00:00,2026-05-15
VNINDEX,1917.01,3305066,14:01:00,2026-05-15
VNINDEX,1917.3,3674641,14:02:00,2026-05-15
VNINDEX,1917.7,5882175,14:03:00,2026-05-15
VNINDEX,1918.79,3616511,14:04:00,2026-05-15
VNINDEX,1919.29,3408604,14:05:00,2026-05-15
VNINDEX,1918.98,4104437,14:06:00,2026-05-15
VNINDEX,1919.17,3231940,14:07:00,2026-05-15
VNINDEX,1919.13,2940365,14:08:00,2026-05-15
VNINDEX,1919.16,3214214,14:09:00,2026-05-15
VNINDEX,1920.12,3613637,14:10:00,2026-05-15
VNINDEX,1921.18,3951332,14:11:00,2026-05-15
VNINDEX,1923.1,5360811,14:12:00,2026-05-15
VNINDEX,1922.71,5924343,14:13:00,2026-05-15
VNINDEX,1922.63,4532074,14:14:00,2026-05-15
VNINDEX,1922.23,3687073,14:15:00,2026-05-15
VNINDEX,1922.01,3790821,14:16:00,2026-05-15
VNINDEX,1921.21,4165237,14:17:00,2026-05-15
VNINDEX,1921.01,4580784,14:18:00,2026-05-15
VNINDEX,1921.14,4142404,14:19:00,2026-05-15
VNINDEX,1920.45,3641024,14:20:00,2026-05-15
VNINDEX,1919.19,6271861,14:21:00,2026-05-15
VNINDEX,1917.56,6855154,14:22:00,2026-05-15
VNINDEX,1918.55,7670530,14:23:00,2026-05-15
VNINDEX,1918.39,5598148,14:24:00,2026-05-15
VNINDEX,1921.06,7609008,14:25:00,2026-05-15
VNINDEX,1921.94,8759111,14:26:00,2026-05-15
VNINDEX,1924.02,6728519,14:27:00,2026-05-15
VNINDEX,1924.79,6510001,14:28:00,2026-05-15
VNINDEX,1922.35,6420331,14:29:00,2026-05-15
VNINDEX,1921.6,23416800,14:45:00,2026-05-15
VNINDEX,1921.6,4366198,15:05:00,2026-05-15
VNINDEX,1913.95,18443476,09:15:00,2026-05-18
VNINDEX,1914.05,4608267,09:16:00,2026-05-18
VNINDEX,1910.69,4410617,09:17:00,2026-05-18
VNINDEX,1912.07,5698072,09:18:00,2026-05-18
VNINDEX,1912.39,5413961,09:19:00,2026-05-18
VNINDEX,1913.29,4770406,09:20:00,2026-05-18
VNINDEX,1913.17,4153050,09:21:00,2026-05-18
VNINDEX,1912.94,3360096,09:22:00,2026-05-18
VNINDEX,1913.08,3759866,09:23:00,2026-05-18
VNINDEX,1914.86,3602264,09:24:00,2026-05-18
VNINDEX,1915.94,3449244,09:25:00,2026-05-18
VNINDEX,1916.43,3323361,09:26:00,2026-05-18
VNINDEX,1915.1,3283519,09:27:00,2026-05-18
VNINDEX,1914.69,2873910,09:28:00,2026-05-18
VNINDEX,1915.19,3423826,09:29:00,2026-05-18
VNINDEX,1914.42,3337078,09:30:00,2026-05-18
VNINDEX,1914.89,3115538,09:31:00,2026-05-18
VNINDEX,1914.88,2759066,09:32:00,2026-05-18
VNINDEX,1915.26,1671425,09:33:00,2026-05-18
VNINDEX,1915.84,2582119,09:34:00,2026-05-18
VNINDEX,1917.26,2613079,09:35:00,2026-05-18
VNINDEX,1919.85,2757639,09:36:00,2026-05-18
VNINDEX,1921.15,2426830,09:37:00,2026-05-18
VNINDEX,1921.46,3555744,09:38:00,2026-05-18
VNINDEX,1922.07,4412032,09:39:00,2026-05-18
VNINDEX,1920.56,3369951,09:40:00,2026-05-18
VNINDEX,1919.97,2181870,09:41:00,2026-05-18
VNINDEX,1918.54,2376095,09:42:00,2026-05-18
VNINDEX,1917.89,5285791,09:43:00,2026-05-18
VNINDEX,1917.42,2793988,09:44:00,2026-05-18
VNINDEX,1916.45,2518030,09:45:00,2026-05-18
VNINDEX,1916.04,3246993,09:46:00,2026-05-18
VNINDEX,1916.02,2992830,09:47:00,2026-05-18
VNINDEX,1914.92,1783782,09:48:00,2026-05-18
VNINDEX,1915.66,1945592,09:49:00,2026-05-18
VNINDEX,1915.41,2558955,09:50:00,2026-05-18
VNINDEX,1915.61,1616115,09:51:00,2026-05-18
VNINDEX,1915.48,1670395,09:52:00,2026-05-18
VNINDEX,1914.87,2455637,09:53:00,2026-05-18
VNINDEX,1915.19,2248781,09:54:00,2026-05-18
VNINDEX,1914.39,3342177,09:55:00,2026-05-18
VNINDEX,1914.0,2966844,09:56:00,2026-05-18
VNINDEX,1914.52,4350364,09:57:00,2026-05-18
VNINDEX,1914.72,4029356,09:58:00,2026-05-18
VNINDEX,1915.12,3920704,09:59:00,2026-05-18
VNINDEX,1914.68,4558636,10:00:00,2026-05-18
VNINDEX,1915.13,4922671,10:01:00,2026-05-18
VNINDEX,1914.63,4174233,10:02:00,2026-05-18
VNINDEX,1914.77,2990800,10:03:00,2026-05-18
VNINDEX,1914.8,2232238,10:04:00,2026-05-18
VNINDEX,1913.96,2648582,10:05:00,2026-05-18
VNINDEX,1913.18,1748521,10:06:00,2026-05-18
VNINDEX,1913.01,1674813,10:07:00,2026-05-18
VNINDEX,1912.12,1752443,10:08:00,2026-05-18
VNINDEX,1912.34,2180927,10:09:00,2026-05-18
VNINDEX,1911.86,2144456,10:10:00,2026-05-18
VNINDEX,1911.55,1823980,10:11:00,2026-05-18
VNINDEX,1910.79,2692452,10:12:00,2026-05-18
VNINDEX,1909.85,2267898,10:13:00,2026-05-18
VNINDEX,1910.04,1998988,10:14:00,2026-05-18
VNINDEX,1910.18,1516886,10:15:00,2026-05-18
VNINDEX,1910.32,2181344,10:16:00,2026-05-18
VNINDEX,1910.2,1927037,10:17:00,2026-05-18
VNINDEX,1910.44,2268495,10:18:00,2026-05-18
VNINDEX,1909.95,1766044,10:19:00,2026-05-18
VNINDEX,1909.94,3745838,10:20:00,2026-05-18
VNINDEX,1909.73,1547074,10:21:00,2026-05-18
VNINDEX,1909.16,3386598,10:22:00,2026-05-18
VNINDEX,1909.46,1941919,10:23:00,2026-05-18
VNINDEX,1911.64,1824570,10:24:00,2026-05-18
VNINDEX,1912.73,2315997,10:25:00,2026-05-18
VNINDEX,1913.2,1444618,10:26:00,2026-05-18
VNINDEX,1913.61,1524265,10:27:00,2026-05-18
VNINDEX,1913.82,1214130,10:28:00,2026-05-18
VNINDEX,1913.75,1709087,10:29:00,2026-05-18
VNINDEX,1913.55,1352266,10:30:00,2026-05-18
VNINDEX,1912.98,1584850,10:31:00,2026-05-18
VNINDEX,1912.36,1711504,10:32:00,2026-05-18
VNINDEX,1912.05,2323061,10:33:00,2026-05-18
VNINDEX,1912.49,2207276,10:34:00,2026-05-18
VNINDEX,1912.39,2270572,10:35:00,2026-05-18
VNINDEX,1912.41,2908616,10:36:00,2026-05-18
VNINDEX,1912.57,1596458,10:37:00,2026-05-18
VNINDEX,1912.54,2226021,10:38:00,2026-05-18
VNINDEX,1912.83,2100125,10:39:00,2026-05-18
VNINDEX,1912.8,2876355,10:40:00,2026-05-18
VNINDEX,1912.64,2258337,10:41:00,2026-05-18
VNINDEX,1912.84,1750868,10:42:00,2026-05-18
VNINDEX,1912.69,1983550,10:43:00,2026-05-18
VNINDEX,1912.55,2552403,10:44:00,2026-05-18
VNINDEX,1912.5,1423913,10:45:00,2026-05-18
VNINDEX,1912.84,3273306,10:46:00,2026-05-18
VNINDEX,1913.02,2080325,10:47:00,2026-05-18
VNINDEX,1912.99,2208990,10:48:00,2026-05-18
VNINDEX,1912.82,2324687,10:49:00,2026-05-18
VNINDEX,1912.97,1751899,10:50:00,2026-05-18
VNINDEX,1912.98,1521948,10:51:00,2026-05-18
VNINDEX,1912.85,2158838,10:52:00,2026-05-18
VNINDEX,1913.19,2838417,10:53:00,2026-05-18
VNINDEX,1913.21,1508109,10:54:00,2026-05-18
VNINDEX,1913.02,1409737,10:55:00,2026-05-18
VNINDEX,1913.43,1220143,10:56:00,2026-05-18
VNINDEX,1913.9,2197771,10:57:00,2026-05-18
VNINDEX,1914.07,1501079,10:58:00,2026-05-18
VNINDEX,1913.94,1629492,10:59:00,2026-05-18
VNINDEX,1913.65,1283151,11:00:00,2026-05-18
VNINDEX,1914.4,1446642,11:01:00,2026-05-18
VNINDEX,1914.15,2816953,11:02:00,2026-05-18
VNINDEX,1913.98,1127136,11:03:00,2026-05-18
VNINDEX,1913.82,1550785,11:04:00,2026-05-18
VNINDEX,1913.84,1432893,11:05:00,2026-05-18
VNINDEX,1914.27,1494118,11:06:00,2026-05-18
VNINDEX,1914.23,1641113,11:07:00,2026-05-18
VNINDEX,1913.59,1637406,11:08:00,2026-05-18
VNINDEX,1913.75,1270772,11:09:00,2026-05-18
VNINDEX,1913.61,1531585,11:10:00,2026-05-18
VNINDEX,1913.49,1232033,11:11:00,2026-05-18
VNINDEX,1913.92,1536191,11:12:00,2026-05-18
VNINDEX,1914.41,2866281,11:13:00,2026-05-18
VNINDEX,1914.66,1452359,11:14:00,2026-05-18
VNINDEX,1914.58,1918824,11:15:00,2026-05-18
VNINDEX,1914.68,1720823,11:16:00,2026-05-18
VNINDEX,1915.66,2473400,11:17:00,2026-05-18
VNINDEX,1916.08,2950132,11:18:00,2026-05-18
VNINDEX,1916.81,3030229,11:19:00,2026-05-18
VNINDEX,1917.89,2846085,11:20:00,2026-05-18
VNINDEX,1917.77,4071381,11:21:00,2026-05-18
VNINDEX,1918.56,5796450,11:22:00,2026-05-18
VNINDEX,1919.74,3172241,11:23:00,2026-05-18
VNINDEX,1920.77,4213699,11:24:00,2026-05-18
VNINDEX,1922.22,3348340,11:25:00,2026-05-18
VNINDEX,1922.45,2900388,11:26:00,2026-05-18
VNINDEX,1921.39,2407368,11:27:00,2026-05-18
VNINDEX,1920.96,3214191,11:28:00,2026-05-18
VNINDEX,1920.63,2619904,11:29:00,2026-05-18
VNINDEX,1920.76,82665,11:30:00,2026-05-18
VNINDEX,1919.14,9499220,13:00:00,2026-05-18
VNINDEX,1919.95,4708246,13:01:00,2026-05-18
VNINDEX,1919.45,4345079,13:02:00,2026-05-18
VNINDEX,1919.53,4894610,13:03:00,2026-05-18
VNINDEX,1918.54,5891329,13:04:00,2026-05-18
VNINDEX,1918.91,3772798,13:05:00,2026-05-18
VNINDEX,1918.1,3834964,13:06:00,2026-05-18
VNINDEX,1917.02,3858751,13:07:00,2026-05-18
VNINDEX,1916.76,3068578,13:08:00,2026-05-18
VNINDEX,1917.26,3284916,13:09:00,2026-05-18
VNINDEX,1917.56,2899411,13:10:00,2026-05-18
VNINDEX,1917.74,3125828,13:11:00,2026-05-18
VNINDEX,1917.95,4298250,13:12:00,2026-05-18
VNINDEX,1917.58,2948482,13:13:00,2026-05-18
VNINDEX,1915.66,4282837,13:14:00,2026-05-18
VNINDEX,1915.41,4167213,13:15:00,2026-05-18
VNINDEX,1912.83,4188120,13:16:00,2026-05-18
VNINDEX,1912.97,3049036,13:17:00,2026-05-18
VNINDEX,1914.27,7078858,13:18:00,2026-05-18
VNINDEX,1914.4,4231469,13:19:00,2026-05-18
VNINDEX,1915.6,3111612,13:20:00,2026-05-18
VNINDEX,1915.53,3584757,13:21:00,2026-05-18
VNINDEX,1915.77,4464072,13:22:00,2026-05-18
VNINDEX,1915.83,3042953,13:23:00,2026-05-18
VNINDEX,1915.55,3825133,13:24:00,2026-05-18
VNINDEX,1915.22,9482167,13:25:00,2026-05-18
VNINDEX,1915.23,5937691,13:26:00,2026-05-18
VNINDEX,1915.37,5072228,13:27:00,2026-05-18
VNINDEX,1916.54,6283329,13:28:00,2026-05-18
VNINDEX,1917.66,3576002,13:29:00,2026-05-18
VNINDEX,1917.58,3836495,13:30:00,2026-05-18
VNINDEX,1918.54,4246843,13:31:00,2026-05-18
VNINDEX,1919.52,4756671,13:32:00,2026-05-18
VNINDEX,1921.17,6202424,13:33:00,2026-05-18
VNINDEX,1921.99,7591588,13:34:00,2026-05-18
VNINDEX,1921.09,5215977,13:35:00,2026-05-18
VNINDEX,1920.93,7048388,13:36:00,2026-05-18
VNINDEX,1920.9,4391073,13:37:00,2026-05-18
VNINDEX,1920.01,5478487,13:38:00,2026-05-18
VNINDEX,1920.32,5170311,13:39:00,2026-05-18
VNINDEX,1920.49,4303292,13:40:00,2026-05-18
VNINDEX,1920.48,4378728,13:41:00,2026-05-18
VNINDEX,1919.81,4255630,13:42:00,2026-05-18
VNINDEX,1920.19,3455968,13:43:00,2026-05-18
VNINDEX,1920.7,3910613,13:44:00,2026-05-18
VNINDEX,1920.42,3315011,13:45:00,2026-05-18
VNINDEX,1920.99,2748063,13:46:00,2026-05-18
VNINDEX,1920.8,2077704,13:47:00,2026-05-18
VNINDEX,1922.41,3250078,13:48:00,2026-05-18
VNINDEX,1924.05,3808452,13:49:00,2026-05-18
VNINDEX,1925.92,5075832,13:50:00,2026-05-18
VNINDEX,1925.82,5019371,13:51:00,2026-05-18
VNINDEX,1926.47,5110269,13:52:00,2026-05-18
VNINDEX,1926.53,4630911,13:53:00,2026-05-18
VNINDEX,1925.43,3820995,13:54:00,2026-05-18
VNINDEX,1925.03,4225016,13:55:00,2026-05-18
VNINDEX,1924.76,4182307,13:56:00,2026-05-18
VNINDEX,1925.2,4867924,13:57:00,2026-05-18
VNINDEX,1924.42,3679464,13:58:00,2026-05-18
VNINDEX,1923.86,5367318,13:59:00,2026-05-18
VNINDEX,1923.75,3767275,14:00:00,2026-05-18
VNINDEX,1923.43,4205308,14:01:00,2026-05-18
VNINDEX,1923.47,3570499,14:02:00,2026-05-18
VNINDEX,1923.55,4047190,14:03:00,2026-05-18
VNINDEX,1925.43,4929517,14:04:00,2026-05-18
VNINDEX,1925.61,3941480,14:05:00,2026-05-18
VNINDEX,1924.88,4513854,14:06:00,2026-05-18
VNINDEX,1924.48,4498212,14:07:00,2026-05-18
VNINDEX,1924.8,4117198,14:08:00,2026-05-18
VNINDEX,1924.9,3678289,14:09:00,2026-05-18
VNINDEX,1924.41,3858468,14:10:00,2026-05-18
VNINDEX,1924.37,2594004,14:11:00,2026-05-18
VNINDEX,1924.42,3916739,14:12:00,2026-05-18
VNINDEX,1924.31,2818191,14:13:00,2026-05-18
VNINDEX,1923.65,4401308,14:14:00,2026-05-18
VNINDEX,1925.03,5409321,14:15:00,2026-05-18
VNINDEX,1924.91,3879896,14:16:00,2026-05-18
VNINDEX,1925.75,4040348,14:17:00,2026-05-18
VNINDEX,1926.03,3935644,14:18:00,2026-05-18
VNINDEX,1926.19,6333336,14:19:00,2026-05-18
VNINDEX,1926.54,4289069,14:20:00,2026-05-18
VNINDEX,1926.84,4122742,14:21:00,2026-05-18
VNINDEX,1925.74,3846105,14:22:00,2026-05-18
VNINDEX,1926.37,3935505,14:23:00,2026-05-18
VNINDEX,1925.9,4156995,14:24:00,2026-05-18
VNINDEX,1928.0,5793532,14:25:00,2026-05-18
VNINDEX,1930.92,6522718,14:26:00,2026-05-18
VNINDEX,1931.5,6050464,14:27:00,2026-05-18
VNINDEX,1931.75,5670919,14:28:00,2026-05-18
VNINDEX,1931.92,7236468,14:29:00,2026-05-18
VNINDEX,1927.94,48788205,14:45:00,2026-05-18
VNINDEX,1927.94,3203529,15:05:00,2026-05-18
