name,date,close,open,high,low,volume
VNINDEX,03-02-2025,1253.03,1259.09,1259.09,1249.78,462591784
VNINDEX,04-02-2025,1264.68,1256.91,1264.68,1255.44,541783695
VNINDEX,05-02-2025,1269.61,1268.43,1271.8,1266.18,490473888
VNINDEX,06-02-2025,1271.48,1273.58,1275.47,1268.28,489762130
VNINDEX,07-02-2025,1275.2,1271.98,1279.35,1269.12,503342974
VNINDEX,10-02-2025,1263.26,1272.27,1274.47,1263.26,652223852
VNINDEX,11-02-2025,1268.45,1265.44,1268.45,1263.11,525259444
VNINDEX,12-02-2025,1266.91,1270.83,1272.86,1266.59,424173879
VNINDEX,13-02-2025,1270.35,1267.25,1270.67,1263.85,422929502
VNINDEX,14-02-2025,1276.08,1277.52,1280.6,1274,572553338
VNINDEX,17-02-2025,1272.72,1277.12,1278.49,1272.72,703389002
VNINDEX,18-02-2025,1278.14,1274.05,1283.34,1272.19,576613065
VNINDEX,19-02-2025,1288.56,1280.6,1288.56,1278.92,691882854
VNINDEX,20-02-2025,1292.98,1292.94,1295.82,1290.84,665568367
VNINDEX,21-02-2025,1296.75,1293.63,1296.75,1290.98,615945439
VNINDEX,24-02-2025,1304.56,1298.39,1304.56,1294.69,745383925
VNINDEX,25-02-2025,1303.16,1306.86,1309.97,1298.54,764641989
VNINDEX,26-02-2025,1302.96,1305.16,1306.49,1301.2,659793287
VNINDEX,27-02-2025,1307.8,1307.31,1307.87,1296.43,796881038
VNINDEX,28-02-2025,1305.36,1307.14,1308.77,1300.66,713323836
VNINDEX,03-03-2025,1309.37,1306.97,1309.77,1304.3,748242113
VNINDEX,04-03-2025,1311.91,1306.82,1313.21,1298.28,872086925
VNINDEX,05-03-2025,1304.71,1312.84,1319.52,1304.71,711384061
VNINDEX,06-03-2025,1318.22,1308.02,1318.22,1307.91,926189171
VNINDEX,07-03-2025,1326.05,1320.08,1327.07,1318.71,825175457
VNINDEX,10-03-2025,1330.28,1331.6,1335.87,1326.51,801944906
VNINDEX,11-03-2025,1332.54,1319.17,1332.54,1315.92,791992117
VNINDEX,12-03-2025,1334.41,1337.63,1342.91,1331.75,811987921
VNINDEX,13-03-2025,1326.27,1335.66,1340.91,1324.87,927789782
VNINDEX,14-03-2025,1326.15,1325.84,1333.32,1324.3,872541760
VNINDEX,17-03-2025,1336.26,1330.62,1336.26,1329.05,780751957
VNINDEX,18-03-2025,1330.97,1340.16,1341.65,1330.97,759403354
VNINDEX,19-03-2025,1324.63,1330.4,1330.7,1320.85,768370525
VNINDEX,20-03-2025,1323.93,1326.8,1332.41,1316.11,783924251
VNINDEX,21-03-2025,1321.88,1324,1325.22,1320.67,673776859
VNINDEX,24-03-2025,1330.32,1322.9,1330.32,1316.73,737479570
VNINDEX,25-03-2025,1331.92,1335.29,1337.6,1329.81,772470386
VNINDEX,26-03-2025,1326.09,1333.33,1338.55,1323.69,672071249
VNINDEX,27-03-2025,1323.81,1325.98,1328.82,1323.01,522142993
VNINDEX,28-03-2025,1317.46,1324.42,1325.34,1315.72,601970197
VNINDEX,31-03-2025,1306.86,1313.51,1314.09,1304.1,706353460
VNINDEX,01-04-2025,1317.33,1313.03,1317.46,1308.06,516351102
VNINDEX,02-04-2025,1317.83,1321.53,1324.46,1317.68,668744030
VNINDEX,03-04-2025,1229.84,1272.87,1277.9,1229.41,1594166624
VNINDEX,04-04-2025,1210.67,1159.33,1210.67,1158.17,1777882039
VNINDEX,08-04-2025,1132.79,1173.14,1174.4,1130.98,989102100
VNINDEX,09-04-2025,1094.3,1073.61,1141.35,1073.61,1464120095
VNINDEX,10-04-2025,1168.34,1166.09,1168.4,1165.86,215166632
VNINDEX,11-04-2025,1222.46,1185.86,1222.46,1180.59,1617665830
VNINDEX,14-04-2025,1241.44,1235.01,1242.94,1226.06,913684312
VNINDEX,15-04-2025,1227.79,1232.64,1246.21,1221.75,939049220
VNINDEX,16-04-2025,1210.3,1225.29,1233.84,1205.93,713035992
VNINDEX,17-04-2025,1217.25,1201.63,1217.25,1197.5,657997453
VNINDEX,18-04-2025,1219.12,1228.37,1234.67,1219.12,977508165
VNINDEX,21-04-2025,1207.07,1220.38,1222.77,1201.63,771247128
VNINDEX,22-04-2025,1197.13,1201.38,1203.82,1136.98,1551077089
VNINDEX,23-04-2025,1211,1215.65,1216.28,1202.27,732740068
VNINDEX,24-04-2025,1223.35,1214.78,1224.66,1210.37,700062627
VNINDEX,25-04-2025,1229.23,1227.16,1230.72,1220.67,747261510
VNINDEX,28-04-2025,1226.8,1234.3,1234.3,1222.56,542916481
VNINDEX,29-04-2025,1226.3,1227.25,1229.1,1222.3,522931800
VNINDEX,05-05-2025,1240.05,1226.3,1241.51,1226.3,562828082
VNINDEX,05-05-2025,1240.05,1233.97,1241.51,1226.3,562828082
VNINDEX,06-05-2025,1241.95,1240.05,1251.02,1240.05,723833572
VNINDEX,06-05-2025,1241.95,1244.3,1251.02,1240.05,723833572
VNINDEX,07-05-2025,1250.37,1241.95,1250.79,1240.2,696862360
VNINDEX,07-05-2025,1250.37,1241.1,1250.79,1240.2,696862360
VNINDEX,08-05-2025,1269.8,1250.37,1271.44,1250.37,780781448
VNINDEX,08-05-2025,1269.8,1255.34,1271.44,1250.37,780781448
VNINDEX,09-05-2025,1267.3,1269.8,1279.61,1264.87,696772993
VNINDEX,09-05-2025,1267.3,1274.5,1279.61,1264.87,696772993
VNINDEX,12-05-2025,1283.26,1267.3,1283.86,1267.3,833318839
VNINDEX,12-05-2025,1283.26,1272.92,1283.86,1267.3,833318839
VNINDEX,13-05-2025,1293.43,1292.75,1293.7,1283.26,884922281
VNINDEX,14-05-2025,1309.73,1295.3,1310.57,1292.34,917612165
VNINDEX,15-05-2025,1313.2,1314.19,1316.16,1301.61,1048494927
VNINDEX,16-05-2025,1301.39,1314.25,1318.03,1299.55,850785026
VNINDEX,19-05-2025,1296.29,1293.61,1306.2,1291.66,832210897
VNINDEX,20-05-2025,1315.15,1298.62,1316.67,1296.29,864044592
VNINDEX,21-05-2025,1323.05,1329.83,1331.6,1313.13,1000998104
VNINDEX,22-05-2025,1313.84,1319.97,1331.93,1312.8,1119988708
VNINDEX,23-05-2025,1314.46,1313.93,1320.07,1308.62,642508366
VNINDEX,26-05-2025,1332.51,1317.08,1332.51,1288.86,961305387
VNINDEX,27-05-2025,1339.81,1338.09,1339.81,1329.6,1055045239
VNINDEX,28-05-2025,1341.87,1344.08,1348.05,1337.18,899910498
VNINDEX,29-05-2025,1341.86,1346.68,1348.31,1335.62,895953649
VNINDEX,30-05-2025,1332.6,1342.89,1345.78,1328.69,911849296
VNINDEX,02-06-2025,1336.3,1330.71,1336.33,1322.95,860775405
VNINDEX,02-06-2025,1336.3,1332.6,1336.33,1322.95,860775405
VNINDEX,03-06-2025,1347.25,1341.31,1350.89,1336.3,1035220959
VNINDEX,03-06-2025,1347.25,1336.3,1350.89,1336.3,1035220959
VNINDEX,04-06-2025,1345.74,1350.52,1351.14,1341.53,952672647
VNINDEX,04-06-2025,1345.74,1347.25,1351.14,1341.53,952672647
VNINDEX,05-06-2025,1342.09,1346.33,1347.49,1336.11,756976552
VNINDEX,05-06-2025,1342.09,1345.74,1347.49,1336.11,756976552
VNINDEX,06-06-2025,1329.89,1339.13,1344.92,1325.45,901235898
VNINDEX,06-06-2025,1329.89,1342.09,1344.92,1325.45,901235898
VNINDEX,09-06-2025,1310.57,1329.66,1331.56,1309.05,718708721
VNINDEX,09-06-2025,1310.57,1329.89,1331.56,1309.05,718708721
VNINDEX,10-06-2025,1316.23,1307.74,1323.61,1299.94,703372014
VNINDEX,10-06-2025,1316.23,1310.57,1323.61,1299.94,703372014
VNINDEX,11-06-2025,1315.2,1322.07,1322.07,1306.25,546076606
VNINDEX,11-06-2025,1315.2,1316.23,1322.07,1306.25,546076606
VNINDEX,12-06-2025,1322.99,1321.25,1326.03,1308.63,811549322
VNINDEX,12-06-2025,1322.99,1315.2,1326.03,1308.63,811549322
VNINDEX,13-06-2025,1315.49,1313.08,1326.62,1304.12,1164364579
VNINDEX,13-06-2025,1315.49,1322.99,1326.62,1304.12,1164364579
VNINDEX,16-06-2025,1338.11,1313.4,1338.66,1307.37,779999910
VNINDEX,16-06-2025,1338.11,1315.49,1338.66,1307.37,779999910
VNINDEX,17-06-2025,1347.69,1343.7,1353.01,1338.11,763834636
VNINDEX,17-06-2025,1347.69,1338.11,1353.01,1338.11,763834636
VNINDEX,18-06-2025,1346.83,1350.17,1353.99,1341.64,768168609
VNINDEX,18-06-2025,1346.83,1347.69,1353.99,1341.64,768168609
VNINDEX,19-06-2025,1352.04,1346.33,1353.96,1342.08,651813682
VNINDEX,19-06-2025,1352.04,1346.83,1353.96,1342.08,651813682
VNINDEX,20-06-2025,1349.35,1354.69,1356.78,1342.31,779673486
VNINDEX,20-06-2025,1349.35,1352.04,1356.78,1342.31,779673486
VNINDEX,23-06-2025,1358.18,1345.24,1358.26,1338.49,735461142
VNINDEX,23-06-2025,1358.18,1349.35,1358.26,1338.49,735461142
VNINDEX,24-06-2025,1366.77,1365.69,1371.24,1355.53,883404856
VNINDEX,24-06-2025,1366.77,1358.18,1371.24,1355.53,883404856
VNINDEX,25-06-2025,1366.75,1369.05,1371.57,1364.09,734078816
VNINDEX,25-06-2025,1366.75,1366.77,1371.57,1364.09,734078816
VNINDEX,26-06-2025,1365.67,1368.73,1372.74,1360.78,599210662
VNINDEX,26-06-2025,1365.67,1366.75,1372.74,1360.78,599210662
VNINDEX,27-06-2025,1371.44,1369.13,1373.28,1362.09,678584222
VNINDEX,30-06-2025,1376.07,1374.9,1377.3,1371.44,637621732
VNINDEX,01-07-2025,1377.84,1378.14,1382.16,1369.74,725894731
VNINDEX,02-07-2025,1384.59,1377.26,1384.72,1372.27,850174592
VNINDEX,03-07-2025,1381.96,1381.64,1392.39,1377.06,1316396602
VNINDEX,04-07-2025,1386.97,1385.19,1388.04,1379.4,835995342
VNINDEX,07-07-2025,1402.06,1393.34,1402.32,1386.97,1231774285
VNINDEX,08-07-2025,1415.46,1407.07,1415.65,1400.79,1177502304
VNINDEX,09-07-2025,1431.32,1421.12,1432.29,1415.46,1433794349
VNINDEX,10-07-2025,1445.64,1437.13,1446.16,1431.32,1074311106
VNINDEX,11-07-2025,1457.76,1451.12,1463.91,1445.64,1235944706
VNINDEX,14-07-2025,1470.42,1471.4,1473.93,1447.72,1259872146
VNINDEX,15-07-2025,1460.65,1473.8,1476.32,1460.16,1336267013
VNINDEX,16-07-2025,1475.47,1459.87,1475.47,1457.04,1221312100
VNINDEX,17-07-2025,1490.01,1481.85,1494.46,1475.47,1408347353
VNINDEX,18-07-2025,1497.28,1497.53,1501.2,1484.29,1461671359
VNINDEX,21-07-2025,1485.05,1508.6,1511.96,1481.37,1390409164
VNINDEX,22-07-2025,1509.54,1485.26,1509.54,1476.61,1232141283
VNINDEX,23-07-2025,1512.31,1519.58,1523.37,1507.14,1440191422
VNINDEX,24-07-2025,1521.02,1520.25,1525.32,1502.82,1391387058
VNINDEX,25-07-2025,1531.13,1521.56,1534.51,1519.79,1406847721
VNINDEX,28-07-2025,1557.42,1541.82,1558.12,1531.13,1789006045
VNINDEX,29-07-2025,1493.41,1562.6,1566.74,1490.24,2644459187
VNINDEX,30-07-2025,1507.63,1500.23,1512.15,1482.45,1640423968
VNINDEX,31-07-2025,1502.52,1521.96,1528.66,1488.3,1652085886
VNINDEX,01-08-2025,1495.21,1506.88,1509.22,1479.98,1383202505
VNINDEX,04-08-2025,1528.19,1493.37,1528.21,1491.11,1229695208
VNINDEX,05-08-2025,1547.15,1547.19,1584.98,1519.08,2698901575
VNINDEX,06-08-2025,1573.71,1558.56,1574.34,1547.15,1329752984
VNINDEX,07-08-2025,1581.81,1587.84,1588.38,1567.72,1610898102
VNINDEX,08-08-2025,1584.95,1589.58,1592.52,1565.45,1820837623
VNINDEX,11-08-2025,1596.86,1590.98,1601.79,1584.95,1590494840
VNINDEX,12-08-2025,1608.22,1603.5,1608.34,1591.18,1584416741
VNINDEX,13-08-2025,1611.6,1615.57,1618.31,1585.54,1867294220
VNINDEX,14-08-2025,1640.69,1623.18,1641.28,1611.6,1758036899
VNINDEX,15-08-2025,1630,1658.24,1666.54,1615.26,2013211159
VNINDEX,18-08-2025,1636.37,1638.37,1642.71,1625.61,1514998610
VNINDEX,19-08-2025,1654.2,1646.73,1665.48,1636.37,1793277608
VNINDEX,20-08-2025,1664.36,1662.11,1672.7,1614.6,2283137610
VNINDEX,21-08-2025,1688,1674.76,1693.68,1664.36,1639168136
VNINDEX,22-08-2025,1645.47,1680.42,1691.71,1629.49,2237864915
VNINDEX,25-08-2025,1614.03,1659.7,1661.47,1608.53,1450729028
VNINDEX,26-08-2025,1667.63,1611.61,1667.96,1601.65,1232894614
VNINDEX,27-08-2025,1672.78,1678.54,1696.6,1667.23,1480175892
VNINDEX,28-08-2025,1680.86,1679.33,1684.16,1659.68,1100140023
VNINDEX,29-08-2025,1682.21,1690.11,1694.42,1677.82,1464313109
VNINDEX,03-09-2025,1681.3,1682.11,1692.69,1670.39,1245588613
VNINDEX,04-09-2025,1696.29,1687.59,1696.29,1675.95,1295004347
VNINDEX,05-09-2025,1666.97,1705.13,1711.49,1665.45,1653994892
VNINDEX,08-09-2025,1624.53,1660.91,1667.36,1623.32,1771868551
VNINDEX,09-09-2025,1637.32,1629.58,1637.32,1613.01,1015954262
VNINDEX,10-09-2025,1643.26,1646.41,1652.68,1629.29,833805193
VNINDEX,11-09-2025,1657.75,1638.75,1659.19,1605.76,1203554808
VNINDEX,12-09-2025,1667.26,1662.02,1675.38,1653.79,1008069787
VNINDEX,15-09-2025,1684.9,1672.59,1684.9,1665.61,1123959914
VNINDEX,16-09-2025,1680.9,1696.87,1697.26,1675.87,1234175232
VNINDEX,17-09-2025,1670.97,1678.09,1684.62,1662.63,967637850
VNINDEX,18-09-2025,1665.18,1675.85,1679.63,1645.58,864438366
VNINDEX,19-09-2025,1658.62,1671.24,1671.94,1638.44,865045443
VNINDEX,22-09-2025,1634.45,1656.66,1666.43,1616.02,1140547113
VNINDEX,23-09-2025,1635.26,1635.12,1643.59,1624.08,658109355
VNINDEX,24-09-2025,1657.46,1635.36,1657.48,1619.09,943911419
VNINDEX,25-09-2025,1666.09,1661.08,1668.21,1654.47,916572601
VNINDEX,26-09-2025,1660.7,1666.68,1671.43,1652.65,901014435
VNINDEX,29-09-2025,1666.48,1659.24,1674.84,1639.2,809840218
VNINDEX,30-09-2025,1661.7,1667.86,1676.8,1645.97,1050227166
VNINDEX,01-10-2025,1665.05,1664.95,1671.07,1655.85,666793512
VNINDEX,02-10-2025,1652.71,1668.04,1679.73,1646.77,736855841
VNINDEX,03-10-2025,1645.82,1651.39,1656.58,1637.95,815234740
VNINDEX,06-10-2025,1695.5,1673.16,1695.5,1643.23,1007137342
VNINDEX,07-10-2025,1685.3,1703.9,1703.9,1685.3,799893649
VNINDEX,08-10-2025,1697.83,1701.06,1704.42,1680.87,1017290489
VNINDEX,09-10-2025,1716.47,1702.76,1717.65,1697.83,1044000610
VNINDEX,10-10-2025,1747.55,1725.27,1747.57,1721.76,998948225
VNINDEX,13-10-2025,1765.12,1738.23,1766.77,1736.03,1232269663
VNINDEX,14-10-2025,1761.06,1782.97,1794.58,1755.64,1492683415
VNINDEX,15-10-2025,1757.95,1766.12,1773.73,1750.4,1108353970
VNINDEX,16-10-2025,1766.85,1764.51,1768.45,1753.5,1088205483
VNINDEX,17-10-2025,1731.19,1771.61,1771.61,1727.8,1222997611
VNINDEX,20-10-2025,1636.43,1723.59,1727.11,1636.43,1638796741
VNINDEX,21-10-2025,1663.43,1640.8,1677.11,1622.37,1548431468
VNINDEX,22-10-2025,1678.5,1678.82,1678.82,1628.37,912425956
VNINDEX,23-10-2025,1687.06,1680.73,1698.01,1669.78,700130694
VNINDEX,24-10-2025,1683.18,1684.88,1691.69,1660.32,917575458
VNINDEX,27-10-2025,1652.54,1696.45,1697.16,1652.54,905232819
VNINDEX,28-10-2025,1680.5,1647.86,1680.5,1621.52,877829132
VNINDEX,29-10-2025,1685.83,1685.9,1695.99,1675.68,824229440
VNINDEX,30-10-2025,1669.57,1688.83,1690.69,1661.92,763715720
VNINDEX,31-10-2025,1639.65,1669.61,1669.61,1639.33,778253495
VNINDEX,03-11-2025,1617,1644.56,1652.48,1617,966160053
VNINDEX,04-11-2025,1651.98,1618.02,1658.93,1600.56,1132294703
VNINDEX,05-11-2025,1654.89,1647.46,1659.58,1640.51,615343189
VNINDEX,06-11-2025,1642.64,1656.67,1658.69,1638.12,551255133
VNINDEX,07-11-2025,1599.1,1636.24,1638.59,1595.34,819442927
VNINDEX,10-11-2025,1580.54,1598.02,1609.49,1580.54,657497618
VNINDEX,11-11-2025,1593.61,1585.32,1597.08,1578.42,596628873
VNINDEX,12-11-2025,1631.86,1599.63,1631.86,1596.43,682835631
VNINDEX,13-11-2025,1631.44,1632.64,1638.98,1626.14,630431703
VNINDEX,14-11-2025,1635.46,1627.45,1638.35,1623.03,651175213
VNINDEX,17-11-2025,1654.42,1640.47,1654.42,1640.47,661919677
VNINDEX,18-11-2025,1659.92,1657.43,1660.41,1647.64,706682787
VNINDEX,19-11-2025,1649,1659.25,1661.51,1643.04,742573462
VNINDEX,20-11-2025,1655.99,1651.93,1660.55,1647.79,592856485
VNINDEX,21-11-2025,1654.93,1646.36,1656.84,1635.1,666895175
VNINDEX,24-11-2025,1667.98,1656.03,1674.29,1656.01,523012210
VNINDEX,25-11-2025,1660.36,1670.08,1676.7,1658.47,779872673
VNINDEX,26-11-2025,1680.36,1667.31,1682.17,1663.99,684689839
VNINDEX,27-11-2025,1684.32,1686.03,1695.34,1681.08,600240736
VNINDEX,28-11-2025,1690.99,1683.77,1696.14,1679.12,634239281
VNINDEX,01-12-2025,1701.67,1698.98,1713.77,1697.38,521305308
VNINDEX,02-12-2025,1717.06,1704.84,1719.03,1690.36,661716237
VNINDEX,03-12-2025,1731.77,1725.9,1741.65,1714.9,721163875
VNINDEX,04-12-2025,1737.24,1735.41,1741.71,1725.23,763277528
VNINDEX,05-12-2025,1741.32,1755.72,1758.44,1741.32,630244139
VNINDEX,08-12-2025,1753.74,1757.42,1758.41,1746.03,610493642
VNINDEX,09-12-2025,1747.17,1772.03,1772.03,1724.66,896446751
VNINDEX,10-12-2025,1718.98,1748.82,1748.82,1714.44,518925372
VNINDEX,11-12-2025,1698.9,1710.28,1718.84,1693.72,504973616
VNINDEX,12-12-2025,1646.89,1702.72,1702.73,1640.91,831890164
VNINDEX,15-12-2025,1646.01,1645.87,1665.65,1636.82,600555368
VNINDEX,16-12-2025,1679.18,1647.42,1689.07,1629.37,767357547
VNINDEX,17-12-2025,1673.66,1680.18,1683.95,1671.07,496001680
VNINDEX,18-12-2025,1676.98,1675.54,1676.98,1665.21,490479401
VNINDEX,19-12-2025,1704.31,1678.72,1705.76,1677.67,661072311
VNINDEX,22-12-2025,1751.03,1717.42,1751.03,1712.48,757105657
VNINDEX,23-12-2025,1772.15,1765,1778.18,1763.52,734227801
VNINDEX,24-12-2025,1782.82,1782.71,1784.98,1753.65,687565641
VNINDEX,25-12-2025,1742.85,1779.19,1805.93,1742.85,635459404
VNINDEX,26-12-2025,1729.8,1706.39,1730.99,1687.14,921366336
VNINDEX,29-12-2025,1754.84,1733.39,1754.84,1731.63,513736623
VNINDEX,30-12-2025,1766.9,1758.45,1766.9,1740.07,555687372
VNINDEX,31-12-2025,1784.49,1760.81,1787.75,1760.14,593498229
VNINDEX,05-01-2026,1788.4,1787.13,1797.4,1775.19,811969764
VNINDEX,06-01-2026,1816.27,1795.57,1817.06,1790.44,840252771
VNINDEX,07-01-2026,1861.58,1832.23,1861.58,1819.17,930756077
VNINDEX,08-01-2026,1855.56,1880.81,1888.33,1850.11,1174498415
VNINDEX,09-01-2026,1867.9,1861.02,1880.16,1853.16,1220023130
VNINDEX,12-01-2026,1877.33,1880.38,1887.92,1868.89,1323304689
VNINDEX,13-01-2026,1902.93,1873.93,1910.69,1871.79,1290373351
VNINDEX,14-01-2026,1894.44,1910.32,1918.46,1870.87,1336166916
VNINDEX,15-01-2026,1864.8,1883.7,1884.19,1845.95,1203518325
VNINDEX,16-01-2026,1879.13,1875.14,1901.22,1874.83,982258504
VNINDEX,19-01-2026,1896.59,1894.67,1898.24,1874.69,835142536
VNINDEX,20-01-2026,1893.78,1904.58,1915.11,1884.6,993261205
VNINDEX,21-01-2026,1885.44,1876.96,1894.22,1859.25,1126511501
VNINDEX,22-01-2026,1882.73,1895.08,1904.56,1874.81,947028495
VNINDEX,23-01-2026,1870.79,1890.39,1898.83,1866.87,841626283
VNINDEX,26-01-2026,1843.72,1876.81,1879.45,1833.21,1000164537
VNINDEX,27-01-2026,1830.5,1843.94,1845.7,1821.79,753883212
VNINDEX,28-01-2026,1802.91,1837.67,1842.61,1793.13,864420357
VNINDEX,29-01-2026,1814.98,1804.15,1814.98,1797.32,658679249
VNINDEX,30-01-2026,1829.04,1822.1,1831.97,1808.98,828132280
VNINDEX,02-02-2026,1806.5,1824.1,1827.91,1777.85,891407025
VNINDEX,03-02-2026,1813.4,1807.09,1827.22,1805.22,917770816
VNINDEX,04-02-2026,1791.43,1813.87,1813.87,1780.71,970920131
VNINDEX,05-02-2026,1782.56,1789.14,1800.1,1782.18,703854232
VNINDEX,06-02-2026,1755.49,1768.77,1782.34,1755.49,1006009123
VNINDEX,09-02-2026,1754.82,1769.76,1771.73,1749.87,518333008
VNINDEX,10-02-2026,1754.03,1755.83,1776.24,1741.37,720458662
VNINDEX,11-02-2026,1796.85,1768.18,1799.92,1763.96,811376431
VNINDEX,12-02-2026,1814.09,1809.01,1816.11,1804.6,454502122
VNINDEX,13-02-2026,1824.09,1818.07,1824.09,1792.91,579981555
VNINDEX,23-02-2026,1860.14,1833.9,1863.13,1833.9,733732376
VNINDEX,24-02-2026,1867.62,1862.18,1867.62,1849.6,969240656
VNINDEX,25-02-2026,1860.91,1869.49,1876.01,1857.16,1086165208
VNINDEX,26-02-2026,1879.64,1861.32,1882.17,1859.04,754525495
VNINDEX,27-02-2026,1880.33,1883.12,1899.44,1868.91,859185605
VNINDEX,02-03-2026,1846.1,1876.01,1885.18,1844.25,1420085130
VNINDEX,03-03-2026,1813.14,1854.28,1854.28,1808.55,1223308472
VNINDEX,04-03-2026,1818.27,1803.54,1833.33,1766.86,1481791183
VNINDEX,05-03-2026,1808.51,1837.34,1849.01,1808.07,1098049918
VNINDEX,06-03-2026,1767.84,1801.08,1807.31,1767.84,954107675
VNINDEX,09-03-2026,1652.79,1757.73,1757.73,1651.68,1281478634
VNINDEX,10-03-2026,1676.73,1664.52,1716.62,1651.29,1346404475
VNINDEX,11-03-2026,1728.34,1675.87,1729.67,1675.17,897473196
VNINDEX,12-03-2026,1709.61,1716.62,1725.52,1701.59,859445388
VNINDEX,13-03-2026,1696.24,1697.72,1716.75,1688.67,878811566
VNINDEX,16-03-2026,1693.21,1701.06,1707,1680.7,747478609
VNINDEX,17-03-2026,1710.29,1709.38,1732.31,1708.83,726321680
VNINDEX,18-03-2026,1713.83,1718.3,1742.87,1706.53,701187379
VNINDEX,19-03-2026,1699.13,1700.77,1709.47,1685.9,825749369
VNINDEX,20-03-2026,1647.81,1698.62,1698.62,1642.65,857798461
VNINDEX,23-03-2026,1591.17,1630.11,1636.27,1586.44,987719963
VNINDEX,24-03-2026,1614.77,1626.34,1630.63,1602.92,688210173
VNINDEX,25-03-2026,1658.19,1634.15,1658.77,1629.73,817471784
VNINDEX,26-03-2026,1644.63,1661.53,1661.6,1634.55,652061723
VNINDEX,27-03-2026,1672.8,1643.89,1673.31,1640.31,815366919
VNINDEX,30-03-2026,1662.54,1646.08,1671.6,1637.58,746067733
VNINDEX,31-03-2026,1674.49,1669.57,1677.83,1663.05,802970275
VNINDEX,01-04-2026,1702.93,1713.92,1715.21,1700.18,828433052
VNINDEX,02-04-2026,1694.82,1706.15,1706.15,1684.47,731044459
VNINDEX,03-04-2026,1684.04,1700.14,1713.95,1679.79,697751221
VNINDEX,06-04-2026,1674.99,1682.09,1693.03,1669.31,557486901
VNINDEX,07-04-2026,1677.54,1677.99,1690.31,1665.36,515626271
VNINDEX,08-04-2026,1756.55,1706.59,1756.55,1706.59,1123659731
VNINDEX,09-04-2026,1736.68,1750.88,1754.77,1736.68,940604992
VNINDEX,10-04-2026,1750,1750.86,1762.84,1748.96,856158208
VNINDEX,13-04-2026,1758.96,1738.57,1765.67,1733.18,767986420
VNINDEX,14-04-2026,1775.65,1775.41,1784.43,1765.52,775140643
VNINDEX,15-04-2026,1800.65,1787.37,1801.89,1786.65,807297632
VNINDEX,16-04-2026,1819.83,1806.2,1824.03,1799.18,820102584
VNINDEX,17-04-2026,1817.17,1832.33,1846.19,1814.47,632969380
VNINDEX,20-04-2026,1837.11,1819.03,1837.11,1802.42,582195080
VNINDEX,21-04-2026,1833.48,1851.84,1866.1,1833.48,759627961
VNINDEX,22-04-2026,1857.3,1834.53,1861.34,1819.21,570620673
VNINDEX,23-04-2026,1870.36,1868.31,1888.99,1855.09,954478895
VNINDEX,24-04-2026,1853.29,1873.23,1881.93,1843.63,569205927
VNINDEX,28-04-2026,1875.84,1850.07,1887.69,1848.98,578621004
VNINDEX,29-04-2026,1854.1,1878.96,1881.18,1841.3,626823006
VNINDEX,04-05-2026,1854.06,1870.66,1876.8,1840.43,614834852
VNINDEX,05-05-2026,1874.85,1853.08,1875.97,1849.32,702574674
VNINDEX,06-05-2026,1891.2,1881.22,1892,1868.92,789442130
VNINDEX,07-05-2026,1909.01,1897.44,1924.95,1896.45,853182866
VNINDEX,08-05-2026,1915.37,1911.15,1921.81,1897.06,841627545
VNINDEX,11-05-2026,1895.5,1918.93,1927.06,1893.75,898215139
VNINDEX,ok,2026-05-12,1901.1,1893.2,1906.64,1875.25,647336947
VNINDEX,ok,2026-05-13,1898.37,1908.77,1908.77,1865.12,802522309
VNINDEX,ok,2026-05-14,1925.46,1896.72,1927.7,1883.98,582142883
VNINDEX,ok,2026-05-15,1921.6,1928.61,1930.58,1909.9,710059073
